main_player,2dmin,bumster,dicedstk,diggs,loui8sdstk,menelaus34,mwaxy,skandaras,smatties
2dmin,1.0,,,,,,,,
bumster,,0.25,0.0,,,,,0.3333333333333333,
dicedstk,,0.0,0.5777777777777777,,0.5714285714285714,0.6666666666666666,,0.35294117647058826,0.6666666666666666
diggs,,,0.5,0.8181818181818182,0.875,,,0.75,
loui8sdstk,,,0.5714285714285714,1.0,0.5675675675675675,0.5,,0.5833333333333334,0.6666666666666666
menelaus34,,,0.5555555555555556,,0.42857142857142855,0.5263157894736842,,0.3076923076923077,0.5
mwaxy,,0.0,0.0,,,,0.47058823529411764,0.0,0.0
skandaras,,,0.5,,0.6190476190476191,0.3333333333333333,,0.5405405405405406,0.5714285714285714
smatties,,0.0,0.5,,0.5,0.4444444444444444,0.0,0.4782608695652174,0.48
