main_player,2dmin,bumster,dicedstk,diggs,loui8sdstk,menelaus34,mwaxy,skandaras,smatties
2dmin,1.0,,,,,,,,
bumster,,0.2857142857142857,0.0,,,,,0.3333333333333333,
dicedstk,,,0.6153846153846154,,0.6,0.7142857142857143,,0.2857142857142857,
diggs,,,0.5,0.8,0.8571428571428571,,,0.75,
loui8sdstk,,,0.6,,0.5454545454545454,0.5,,0.5714285714285714,
menelaus34,,,0.5714285714285714,,0.4,0.5294117647058824,,0.2727272727272727,
mwaxy,,0.0,0.0,,,,0.47058823529411764,0.0,0.0
skandaras,,,0.42857142857142855,,0.6111111111111112,0.25,,0.5357142857142857,
smatties,,0.0,0.45454545454545453,,0.42857142857142855,0.42857142857142855,0.0,0.4375,0.4444444444444444
