main_player,2dmin,bumster,dicedstk,diggs,loui8sdstk,menelaus34,mwaxy,skandaras,smatties
2dmin,1.0,,,,,,,,
bumster,,0.25,0.0,,,,,0.3333333333333333,
dicedstk,,0.0,0.5714285714285714,,0.6,0.7142857142857143,,0.2857142857142857,
diggs,,,0.5,0.8181818181818182,0.875,,,0.75,
loui8sdstk,,,0.6,1.0,0.5714285714285714,0.5,,0.5909090909090909,1.0
menelaus34,,,0.5714285714285714,,0.4,0.5294117647058824,,0.2727272727272727,
mwaxy,,0.0,0.0,,,,0.47058823529411764,0.0,0.0
skandaras,,,0.42857142857142855,,0.631578947368421,0.25,,0.5517241379310345,1.0
smatties,,0.0,0.45454545454545453,,0.5,0.42857142857142855,0.0,0.47058823529411764,0.47368421052631576
